customerID,gender,SeniorCitizen,tenure,PhoneService,InternetService,MonthlyCharges,TotalCharges,Churn
CUST00001,Female,0,20,No,DSL,20.07,351.14,No
CUST00002,Male,0,9,No,No,95.77,901.28,Yes
CUST00003,Female,0,44,Yes,DSL,59.09,2244.05,No
CUST00004,Female,0,8,Yes,Fiber optic,102.04,,Yes
CUST00005,Male,0,14,Yes,DSL,69.53,,No
CUST00006,Male,0,54,No,No,55.8,2664.04,No
CUST00007,Female,0,1,No,DSL,86.26,79.48,Yes
CUST00008,Female,0,45,Yes,No,43.09,2266.52,No
CUST00009,Female,1,69,No,DSL,80.76,5085.04,No
CUST00010,Female,0,0,No,DSL,95.99,,No
CUST00011,Male,0,36,Yes,DSL,27.08,1102.03,No
CUST00012,Male,1,70,Yes,Fiber optic,80.97,6257.36,Yes
CUST00013,Female,1,14,Yes,DSL,81.22,1119.64,No
CUST00014,Female,0,43,No,Fiber optic,34.21,1769.57,Yes
CUST00015,Male,0,12,Yes,Fiber optic,88.76,1057.0,No
CUST00016,Female,0,71,No,No,81.66,5906.04,No
CUST00017,Female,1,1,Yes,No,65.26,74.07,No
CUST00018,Female,0,65,Yes,DSL,66.42,4955.88,No
CUST00019,Female,0,21,No,Fiber optic,63.08,1389.72,No
CUST00020,Male,0,70,Yes,DSL,27.73,1877.84,No
CUST00021,Female,0,45,Yes,DSL,53.21,2329.44,No
CUST00022,Male,1,32,Yes,Fiber optic,82.24,2803.09,Yes
CUST00023,Female,0,11,No,DSL,103.25,1158.79,No
CUST00024,Male,0,54,Yes,Fiber optic,73.47,4085.07,Yes
CUST00025,Male,0,21,Yes,DSL,63.78,1194.28,No
CUST00026,Female,0,69,No,Fiber optic,87.87,5699.36,No
CUST00027,Female,0,17,Yes,Fiber optic,73.2,1314.65,No
CUST00028,Male,1,0,Yes,No,97.3,,Yes
CUST00029,Female,0,12,No,DSL,28.83,269.16,No
CUST00030,Female,0,9,Yes,Fiber optic,109.14,,Yes
CUST00031,Male,0,3,Yes,No,77.96,240.28,No
CUST00032,Male,0,4,No,DSL,60.96,252.99,No
CUST00033,Female,0,6,No,DSL,81.76,441.34,No
CUST00034,Male,0,0,No,Fiber optic,71.36,,Yes
CUST00035,Female,1,24,No,Fiber optic,90.64,2074.54,No
CUST00036,Male,0,66,No,No,25.99,2087.1,No
CUST00037,Male,0,7,Yes,DSL,71.77,517.94,Yes
CUST00038,Male,0,29,No,No,63.56,1709.2,No
CUST00039,Female,0,10,No,No,108.33,1050.29,No
CUST00040,Male,0,8,No,DSL,100.56,772.62,No
CUST00041,Female,0,67,No,DSL,93.67,5786.74,No
CUST00042,Female,1,59,No,DSL,27.9,1240.99,No
CUST00043,Female,0,10,No,Fiber optic,61.1,673.32,No
CUST00044,Female,0,4,Yes,No,103.88,434.0,Yes
CUST00045,Male,0,35,Yes,Fiber optic,53.34,1571.54,No
CUST00046,Female,0,42,Yes,DSL,63.07,2757.85,No
CUST00047,Male,0,50,Yes,Fiber optic,65.43,3193.71,No
CUST00048,Female,0,27,Yes,Fiber optic,41.37,895.98,Yes
CUST00049,Female,0,5,Yes,DSL,83.71,408.39,No
CUST00050,Female,0,51,Yes,No,46.46,2048.48,No
CUST00051,Female,0,4,Yes,No,93.62,,Yes
CUST00052,Female,0,20,Yes,DSL,55.53,1197.57,No
CUST00053,Male,0,4,Yes,DSL,98.96,425.67,No
CUST00054,Female,0,58,Yes,DSL,53.89,3055.17,No
CUST00055,Male,0,30,Yes,Fiber optic,44.49,1128.01,Yes
CUST00056,Female,1,32,Yes,No,34.92,1423.96,Yes
CUST00057,Male,0,4,No,DSL,102.11,410.68,No
CUST00058,Male,0,2,No,Fiber optic,82.35,165.11,Yes
CUST00059,Female,0,59,Yes,DSL,35.59,1627.17,No
CUST00060,Female,0,40,Yes,Fiber optic,57.98,2681.14,No
CUST00061,Male,0,10,No,DSL,92.98,,No
CUST00062,Male,0,1,No,DSL,86.03,92.61,Yes
CUST00063,Male,1,9,Yes,DSL,99.36,941.49,Yes
CUST00064,Female,0,31,Yes,Fiber optic,75.21,2092.45,No
CUST00065,Male,0,9,No,DSL,80.66,796.1,Yes
CUST00066,Female,0,7,Yes,DSL,65.98,511.1,No
CUST00067,Female,0,33,No,Fiber optic,74.32,2612.16,No
CUST00068,Male,0,49,Yes,DSL,70.77,3196.81,No
CUST00069,Female,0,10,Yes,DSL,83.45,908.21,Yes
CUST00070,Male,0,61,No,No,33.78,1846.04,No
CUST00071,Male,0,43,Yes,Fiber optic,23.0,1167.13,No
CUST00072,Male,0,15,No,DSL,83.61,1251.08,No
CUST00073,Male,0,34,No,No,81.33,2813.21,No
CUST00074,Female,0,7,No,DSL,60.41,372.38,No
CUST00075,Male,0,8,Yes,Fiber optic,100.75,831.88,Yes
CUST00076,Female,0,3,Yes,Fiber optic,99.55,279.85,Yes
CUST00077,Male,0,9,No,Fiber optic,89.18,767.98,Yes
CUST00078,Male,1,8,No,Fiber optic,97.48,839.78,No
CUST00079,Female,0,38,No,Fiber optic,25.05,1296.03,No
CUST00080,Male,0,60,No,Fiber optic,58.81,3318.88,No
CUST00081,Female,0,24,No,Fiber optic,29.16,648.91,No
CUST00082,Male,0,51,No,No,20.4,941.73,No
CUST00083,Male,1,5,No,Fiber optic,74.87,328.27,No
CUST00084,Female,0,15,Yes,No,70.71,1100.4,No
CUST00085,Female,1,69,Yes,DSL,54.51,3642.36,Yes
CUST00086,Female,0,29,Yes,DSL,98.36,3061.88,No
CUST00087,Male,0,42,No,No,66.94,2931.56,No
CUST00088,Female,1,70,Yes,Fiber optic,28.54,1981.23,Yes
CUST00089,Female,0,3,Yes,DSL,66.5,173.6,No
CUST00090,Male,1,60,No,DSL,65.98,4429.26,Yes
CUST00091,Male,0,2,No,Fiber optic,92.07,199.57,No
CUST00092,Male,0,43,Yes,DSL,82.66,3839.69,No
CUST00093,Male,0,0,Yes,Fiber optic,79.45,,Yes
CUST00094,Female,0,1,No,Fiber optic,97.25,,No
CUST00095,Male,0,46,No,Fiber optic,66.0,2921.98,No
CUST00096,Female,1,28,Yes,Fiber optic,23.08,,Yes
CUST00097,Female,0,11,Yes,No,94.17,987.44,No
CUST00098,Female,0,40,Yes,DSL,28.31,993.73,No
CUST00099,Male,1,16,No,Fiber optic,21.76,369.99,Yes
CUST00100,Male,0,14,Yes,No,74.23,946.03,No
CUST00101,Male,1,49,Yes,Fiber optic,73.56,3384.9,No
CUST00102,Male,0,30,Yes,DSL,99.85,3152.03,No
CUST00103,Male,0,8,No,DSL,83.62,687.94,Yes
CUST00104,Female,0,7,No,DSL,73.82,469.53,Yes
CUST00105,Female,0,71,Yes,No,24.89,1086.19,No
CUST00106,Male,0,31,No,Fiber optic,29.64,755.2,Yes
CUST00107,Female,0,11,No,DSL,60.67,595.24,No
CUST00108,Male,1,9,No,Fiber optic,101.28,931.9,Yes
CUST00109,Female,0,37,Yes,Fiber optic,78.02,3057.24,No
CUST00110,Male,1,11,No,DSL,97.99,1172.14,Yes
CUST00111,Male,0,6,Yes,Fiber optic,101.65,666.81,Yes
CUST00112,Male,1,37,No,Fiber optic,32.04,1035.37,Yes
CUST00113,Male,0,3,Yes,DSL,68.08,221.41,No
CUST00114,Female,1,37,No,DSL,97.43,3928.31,No
CUST00115,Male,0,49,No,Fiber optic,65.54,2936.68,Yes
CUST00116,Female,0,17,Yes,DSL,50.34,905.15,No
CUST00117,Male,0,58,No,DSL,20.44,1737.05,No
CUST00118,Male,1,13,No,No,60.72,807.42,No
CUST00119,Female,0,66,No,DSL,59.61,,No
CUST00120,Female,1,12,Yes,Fiber optic,40.71,395.05,Yes
CUST00121,Female,0,28,No,Fiber optic,42.54,1110.64,No
CUST00122,Female,0,8,No,DSL,86.35,726.3,No
CUST00123,Male,0,7,No,Fiber optic,78.14,551.6,No
CUST00124,Male,0,6,No,Fiber optic,93.76,615.75,No
CUST00125,Male,0,9,Yes,Fiber optic,96.24,843.62,No
CUST00126,Male,0,38,Yes,DSL,22.89,1232.19,No
CUST00127,Female,0,62,No,Fiber optic,55.9,3323.74,No
CUST00128,Male,0,55,Yes,Fiber optic,70.56,3349.57,No
CUST00129,Male,0,71,No,Fiber optic,41.71,3260.12,No
CUST00130,Male,1,24,No,DSL,95.73,2353.95,Yes
CUST00131,Female,0,17,No,Fiber optic,92.79,1727.47,No
CUST00132,Female,0,43,Yes,DSL,56.56,2701.29,No
CUST00133,Male,0,70,No,DSL,48.81,3506.96,No
CUST00134,Female,0,62,No,Fiber optic,26.13,1083.0,Yes
CUST00135,Male,0,61,No,DSL,90.48,5007.02,No
CUST00136,Female,1,24,Yes,No,23.22,755.51,No
CUST00137,Male,0,33,Yes,Fiber optic,36.3,1058.24,No
CUST00138,Male,1,69,Yes,No,45.24,2989.32,No
CUST00139,Female,1,41,Yes,DSL,99.67,4278.33,No
CUST00140,Male,1,64,No,DSL,74.16,4746.83,Yes
CUST00141,Female,0,24,No,DSL,65.32,1721.16,No
CUST00142,Female,0,60,No,DSL,25.81,1698.24,No
CUST00143,Female,0,8,No,DSL,61.75,540.7,No
CUST00144,Female,0,1,No,DSL,104.18,,No
CUST00145,Male,1,71,Yes,DSL,93.18,6842.01,No
CUST00146,Female,1,12,Yes,Fiber optic,64.95,780.22,Yes
CUST00147,Male,0,33,Yes,DSL,47.39,,No
CUST00148,Male,0,19,Yes,Fiber optic,35.2,606.96,Yes
CUST00149,Female,0,37,Yes,Fiber optic,24.89,1232.67,No
CUST00150,Male,0,4,No,DSL,101.39,424.5,Yes
CUST00151,Male,0,10,No,Fiber optic,70.21,621.11,Yes
CUST00152,Female,0,59,No,Fiber optic,22.95,1678.11,No
CUST00153,Female,0,22,No,DSL,53.17,1365.75,No
CUST00154,Male,1,17,No,DSL,31.21,674.98,Yes
CUST00155,Male,1,0,No,Fiber optic,82.44,,No
CUST00156,Female,0,6,No,DSL,86.06,476.14,Yes
CUST00157,Female,0,5,No,Fiber optic,97.44,,Yes
CUST00158,Female,0,18,Yes,No,37.59,721.94,No
CUST00159,Female,1,18,No,DSL,82.16,1322.9,No
CUST00160,Male,0,7,No,Fiber optic,72.45,494.62,No
CUST00161,Male,0,6,No,Fiber optic,90.11,583.94,Yes
CUST00162,Female,0,0,Yes,DSL,90.85,,Yes
CUST00163,Male,0,64,No,DSL,91.56,5359.93,No
CUST00164,Female,1,2,Yes,Fiber optic,104.3,226.47,Yes
CUST00165,Male,1,22,No,Fiber optic,39.28,951.6,No
CUST00166,Male,0,8,No,Fiber optic,93.57,774.5,No
CUST00167,Female,0,47,No,DSL,68.35,3076.24,No
CUST00168,Female,0,5,Yes,No,80.49,388.15,Yes
CUST00169,Male,0,30,No,Fiber optic,61.22,1908.97,Yes
CUST00170,Male,0,53,No,DSL,94.82,4942.96,No
CUST00171,Male,0,53,Yes,DSL,69.91,3881.79,No
CUST00172,Male,0,47,No,No,29.48,,No
CUST00173,Female,1,7,No,No,62.36,467.5,Yes
CUST00174,Female,1,8,No,DSL,67.0,556.04,Yes
CUST00175,Female,0,0,Yes,Fiber optic,93.38,,No
CUST00176,Male,1,38,No,Fiber optic,99.82,3546.35,Yes
CUST00177,Female,0,0,No,No,78.74,,Yes
CUST00178,Male,0,60,No,DSL,69.25,4754.11,No
CUST00179,Female,0,43,Yes,No,49.71,1900.48,No
CUST00180,Male,0,2,No,Fiber optic,86.03,163.85,No
CUST00181,Female,0,1,Yes,DSL,91.01,96.97,Yes
CUST00182,Male,0,1,Yes,DSL,85.2,94.98,No
CUST00183,Male,0,24,No,DSL,48.36,934.76,No
CUST00184,Female,1,3,Yes,No,95.86,271.92,Yes
CUST00185,Female,1,8,Yes,No,69.71,607.5,Yes
CUST00186,Male,1,27,No,DSL,94.2,2400.72,No
CUST00187,Female,1,5,No,Fiber optic,104.24,559.88,No
CUST00188,Female,1,10,Yes,DSL,96.17,1061.25,No
CUST00189,Female,0,30,Yes,DSL,29.65,1141.76,No
CUST00190,Female,0,15,No,No,26.55,331.36,No
CUST00191,Male,0,27,Yes,DSL,91.36,2487.45,No
CUST00192,Female,0,8,No,DSL,88.82,654.23,Yes
CUST00193,Male,0,54,Yes,No,79.23,3754.25,No
CUST00194,Female,0,35,No,DSL,87.39,3023.91,No
CUST00195,Female,1,48,No,No,45.51,2542.61,No
CUST00196,Female,0,6,No,DSL,104.9,673.89,Yes
CUST00197,Female,0,9,Yes,DSL,67.33,642.58,No
CUST00198,Female,0,11,No,DSL,86.02,950.7,Yes
CUST00199,Male,0,8,No,Fiber optic,73.07,556.16,No
CUST00200,Female,0,1,No,Fiber optic,64.69,59.39,No
CUST00201,Female,0,11,No,No,95.37,1089.53,Yes
CUST00202,Female,0,12,Yes,Fiber optic,88.02,1109.31,No
CUST00203,Male,1,11,No,Fiber optic,75.9,843.47,Yes
CUST00204,Female,1,51,No,DSL,51.78,3114.51,No
CUST00205,Female,0,5,No,Fiber optic,109.94,539.65,Yes
CUST00206,Female,0,11,No,Fiber optic,87.72,1038.04,No
CUST00207,Male,0,42,No,DSL,68.31,2893.35,No
CUST00208,Female,0,22,No,DSL,29.62,869.63,No
CUST00209,Female,0,60,No,DSL,66.19,3758.07,No
CUST00210,Female,0,22,No,Fiber optic,32.49,571.75,No
CUST00211,Male,0,49,Yes,DSL,53.15,2578.65,No
CUST00212,Male,0,15,Yes,DSL,83.9,1297.59,No
CUST00213,Female,0,25,No,DSL,84.15,1981.73,No
CUST00214,Female,0,32,No,DSL,34.75,1403.21,No
CUST00215,Female,0,1,Yes,DSL,99.03,94.06,Yes
CUST00216,Female,0,42,No,No,20.22,950.98,No
CUST00217,Male,1,71,No,Fiber optic,80.18,,Yes
CUST00218,Male,1,10,No,Fiber optic,108.56,1118.41,No
CUST00219,Female,0,32,Yes,DSL,23.55,471.87,No
CUST00220,Male,0,5,No,Fiber optic,84.32,436.2,Yes
CUST00221,Male,0,6,No,Fiber optic,61.76,349.07,No
CUST00222,Female,0,6,Yes,Fiber optic,63.66,357.23,No
CUST00223,Male,0,12,Yes,No,49.98,484.42,No
CUST00224,Male,0,9,No,DSL,105.61,989.22,No
CUST00225,Male,1,20,Yes,DSL,34.56,597.43,No
CUST00226,Male,1,71,No,DSL,61.64,3802.68,No
CUST00227,Male,0,66,Yes,Fiber optic,48.68,3019.29,No
CUST00228,Female,1,22,Yes,DSL,29.79,629.99,No
CUST00229,Female,0,12,No,No,50.03,690.21,No
CUST00230,Female,0,45,Yes,Fiber optic,88.06,3514.57,No
CUST00231,Female,0,1,Yes,DSL,66.01,57.47,No
CUST00232,Female,1,72,No,DSL,39.2,,No
CUST00233,Female,0,5,No,DSL,109.45,588.01,Yes
CUST00234,Male,0,5,No,DSL,92.48,,No
CUST00235,Male,0,72,Yes,DSL,71.77,5856.53,No
CUST00236,Male,0,61,No,No,99.28,5488.01,No
CUST00237,Male,0,20,Yes,DSL,47.67,756.71,No
CUST00238,Male,0,44,No,DSL,73.3,3070.18,No
CUST00239,Male,1,35,Yes,DSL,92.45,3383.16,No
CUST00240,Male,0,37,Yes,DSL,34.28,,No
CUST00241,Male,0,64,Yes,Fiber optic,88.13,5608.69,No
CUST00242,Male,0,4,Yes,DSL,94.58,347.97,No
CUST00243,Male,1,13,Yes,No,32.72,318.32,No
CUST00244,Female,0,9,Yes,DSL,70.18,666.56,Yes
CUST00245,Female,0,17,No,Fiber optic,66.98,1226.37,No
CUST00246,Male,0,6,No,No,84.37,566.11,Yes
CUST00247,Male,0,24,No,Fiber optic,40.93,838.03,No
CUST00248,Female,0,8,No,DSL,101.18,769.39,No
CUST00249,Male,1,7,No,Fiber optic,72.72,518.04,Yes
CUST00250,Male,0,6,No,DSL,98.49,622.94,Yes
CUST00251,Male,0,28,No,Fiber optic,67.31,1764.78,No
CUST00252,Female,0,25,Yes,Fiber optic,52.35,1295.08,No
CUST00253,Male,1,18,Yes,DSL,91.28,1478.3,No
CUST00254,Female,0,10,Yes,DSL,70.68,733.5,Yes
CUST00255,Female,0,51,Yes,Fiber optic,95.53,4893.39,No
CUST00256,Female,1,3,No,Fiber optic,105.03,287.28,Yes
CUST00257,Male,0,69,No,No,91.41,6455.32,No
CUST00258,Male,0,0,No,DSL,82.39,,Yes
CUST00259,Male,1,2,No,Fiber optic,104.8,200.83,Yes
CUST00260,Male,1,39,No,No,51.27,1881.44,No
CUST00261,Female,0,1,Yes,Fiber optic,108.25,101.34,Yes
CUST00262,Female,1,7,No,No,79.32,620.5,No
CUST00263,Male,0,30,No,Fiber optic,91.06,2752.26,Yes
CUST00264,Female,0,27,Yes,No,46.66,1048.14,No
CUST00265,Female,0,23,Yes,Fiber optic,54.61,1282.3,No
CUST00266,Male,0,14,No,DSL,87.42,1187.03,No
CUST00267,Female,1,2,Yes,Fiber optic,82.73,145.77,No
CUST00268,Male,0,2,Yes,DSL,84.12,181.25,Yes
CUST00269,Female,0,43,Yes,DSL,39.2,1513.0,No
CUST00270,Male,0,54,Yes,Fiber optic,26.35,1115.58,Yes
CUST00271,Male,0,63,No,DSL,95.83,6087.48,No
CUST00272,Male,1,47,No,DSL,33.45,1911.44,No
CUST00273,Female,0,12,Yes,Fiber optic,51.63,582.34,No
CUST00274,Male,0,57,Yes,Fiber optic,52.67,2855.51,No
CUST00275,Female,0,57,Yes,Fiber optic,43.96,2730.16,Yes
CUST00276,Female,1,23,No,DSL,83.57,1966.91,No
CUST00277,Male,0,68,No,No,63.31,4169.24,No
CUST00278,Female,0,1,Yes,Fiber optic,81.06,88.29,No
CUST00279,Female,0,21,No,No,89.8,1862.41,No
CUST00280,Male,1,44,Yes,DSL,74.75,3495.98,No
CUST00281,Female,0,44,Yes,Fiber optic,95.71,4220.61,No
CUST00282,Male,0,9,No,No,61.34,468.01,No
CUST00283,Female,0,6,Yes,No,109.53,702.85,Yes
CUST00284,Male,0,8,No,DSL,106.91,843.92,No
CUST00285,Male,0,37,No,DSL,40.19,1629.61,No
CUST00286,Female,1,57,Yes,DSL,95.27,5454.13,No
CUST00287,Male,0,72,No,Fiber optic,61.05,4977.71,No
CUST00288,Male,0,14,Yes,DSL,45.74,592.98,No
CUST00289,Female,0,12,No,No,74.79,,No
CUST00290,Male,0,27,No,Fiber optic,76.33,2275.05,No
CUST00291,Male,0,40,No,Fiber optic,48.71,2240.06,No
CUST00292,Male,0,11,No,Fiber optic,96.54,960.2,No
CUST00293,Male,0,7,Yes,DSL,75.22,474.08,Yes
CUST00294,Female,0,26,Yes,DSL,68.05,1757.75,No
CUST00295,Female,0,29,Yes,Fiber optic,90.11,,Yes
CUST00296,Female,1,13,No,DSL,80.31,1059.41,No
CUST00297,Female,0,8,No,Fiber optic,87.18,742.35,No
CUST00298,Male,0,40,No,DSL,75.42,,No
CUST00299,Male,0,55,Yes,DSL,99.52,5556.19,No
CUST00300,Male,0,7,Yes,No,88.03,554.76,Yes
CUST00301,Male,0,34,No,DSL,26.35,874.4,No
CUST00302,Male,0,50,Yes,DSL,68.16,2925.72,No
CUST00303,Female,0,20,Yes,DSL,81.07,1534.82,No
CUST00304,Female,0,21,No,DSL,96.31,2232.16,No
CUST00305,Male,1,9,No,No,64.84,591.55,No
CUST00306,Female,0,63,Yes,DSL,98.16,6242.4,No
CUST00307,Female,1,39,Yes,Fiber optic,97.58,3543.4,No
CUST00308,Female,1,48,No,No,43.13,2291.76,No
CUST00309,Female,1,9,Yes,Fiber optic,80.1,648.07,Yes
CUST00310,Male,0,25,Yes,Fiber optic,83.57,2078.36,No
CUST00311,Female,1,18,Yes,No,43.89,897.25,No
CUST00312,Male,0,30,No,DSL,61.01,1829.4,No
CUST00313,Female,0,25,No,No,90.0,2132.33,No
CUST00314,Female,0,3,Yes,No,60.11,196.37,No
CUST00315,Female,0,61,Yes,Fiber optic,76.85,4330.23,No
CUST00316,Male,0,44,Yes,DSL,21.59,1011.05,No
CUST00317,Female,1,44,Yes,Fiber optic,38.69,2050.22,Yes
CUST00318,Female,0,16,No,No,24.99,249.14,No
CUST00319,Male,0,67,Yes,DSL,61.09,4705.12,No
CUST00320,Female,0,7,Yes,DSL,84.32,605.62,Yes
CUST00321,Male,0,57,No,Fiber optic,49.04,3311.83,No
CUST00322,Female,0,57,No,Fiber optic,39.23,2537.17,No
CUST00323,Male,0,10,Yes,Fiber optic,66.78,596.72,No
CUST00324,Female,0,13,No,Fiber optic,77.64,,No
CUST00325,Female,0,24,Yes,DSL,99.3,,No
CUST00326,Female,0,7,Yes,No,106.24,744.22,Yes
CUST00327,Female,0,1,No,No,77.61,81.55,No
CUST00328,Male,0,18,No,Fiber optic,26.49,382.08,No
CUST00329,Male,0,9,No,DSL,93.7,771.44,Yes
CUST00330,Male,0,3,Yes,Fiber optic,65.48,168.67,No
CUST00331,Female,0,49,No,DSL,75.04,3770.4,No
CUST00332,Female,0,8,Yes,Fiber optic,80.28,646.33,Yes
CUST00333,Male,1,3,No,Fiber optic,95.3,311.24,Yes
CUST00334,Male,0,13,No,No,39.18,536.37,No
CUST00335,Male,0,58,No,Fiber optic,65.66,3859.83,No
CUST00336,Male,0,21,Yes,DSL,98.82,2221.88,No
CUST00337,Female,0,2,No,DSL,103.34,200.31,Yes
CUST00338,Male,1,67,Yes,DSL,79.97,5230.14,Yes
CUST00339,Female,1,46,No,No,59.18,,No
CUST00340,Male,0,9,No,DSL,82.63,833.64,Yes
CUST00341,Male,0,36,Yes,DSL,20.32,934.34,No
CUST00342,Male,0,42,No,No,47.57,2086.72,No
CUST00343,Female,0,69,Yes,Fiber optic,42.0,2857.61,No
CUST00344,Male,0,49,No,DSL,41.86,2193.02,No
CUST00345,Female,0,26,No,DSL,70.46,1994.29,No
CUST00346,Female,0,7,No,No,62.9,506.26,No
CUST00347,Male,0,42,No,DSL,75.94,3219.77,No
CUST00348,Male,1,20,No,DSL,26.5,644.53,No
CUST00349,Female,0,7,Yes,Fiber optic,60.39,432.57,Yes
CUST00350,Female,0,23,No,DSL,73.54,1732.46,No
CUST00351,Male,0,26,Yes,DSL,30.6,773.85,No
CUST00352,Female,0,5,Yes,Fiber optic,67.59,373.07,No
CUST00353,Female,1,21,Yes,Fiber optic,59.68,1199.34,Yes
CUST00354,Female,0,38,No,DSL,52.13,2233.2,No
CUST00355,Female,0,17,No,DSL,62.83,1131.86,No
CUST00356,Female,0,12,Yes,No,96.88,1170.87,No
CUST00357,Male,1,10,Yes,Fiber optic,108.49,,Yes
CUST00358,Male,1,9,Yes,DSL,96.57,839.54,Yes
CUST00359,Female,0,49,Yes,DSL,56.09,2468.34,No
CUST00360,Male,0,20,Yes,DSL,25.28,426.98,No
CUST00361,Male,0,11,Yes,DSL,77.58,816.85,Yes
CUST00362,Female,1,12,Yes,DSL,35.48,522.37,No
CUST00363,Male,0,42,No,DSL,62.08,2773.57,No
CUST00364,Male,0,19,No,DSL,58.74,1224.89,No
CUST00365,Male,1,4,Yes,Fiber optic,93.22,387.22,Yes
CUST00366,Female,0,10,Yes,Fiber optic,101.52,965.1,Yes
CUST00367,Female,0,11,Yes,DSL,67.4,691.66,No
CUST00368,Female,0,19,No,Fiber optic,59.3,1057.34,No
CUST00369,Male,0,37,Yes,DSL,30.05,1304.71,No
CUST00370,Female,1,30,No,DSL,41.12,1227.15,No
CUST00371,Male,0,71,Yes,Fiber optic,25.15,1650.16,Yes
CUST00372,Male,0,72,Yes,No,57.03,4198.2,No
CUST00373,Female,0,9,No,DSL,104.13,917.9,Yes
CUST00374,Male,0,38,No,Fiber optic,57.82,2336.31,Yes
CUST00375,Female,0,36,Yes,No,33.5,974.84,No
CUST00376,Male,0,1,No,DSL,104.3,103.18,No
CUST00377,Female,0,9,Yes,Fiber optic,100.85,946.94,No
CUST00378,Male,0,69,No,Fiber optic,85.54,5939.9,No
CUST00379,Male,0,1,Yes,DSL,96.33,102.4,Yes
CUST00380,Female,0,43,No,Fiber optic,65.03,2389.86,No
CUST00381,Female,0,5,No,No,94.53,499.73,Yes
CUST00382,Male,0,10,No,DSL,107.06,1081.17,Yes
CUST00383,Male,0,12,No,DSL,29.71,336.96,No
CUST00384,Male,0,7,Yes,No,62.74,,No
CUST00385,Male,0,12,Yes,DSL,30.25,269.5,No
CUST00386,Male,0,18,No,DSL,34.21,763.98,No
CUST00387,Female,0,0,No,DSL,84.0,,No
CUST00388,Male,0,6,No,DSL,64.79,385.86,No
CUST00389,Female,0,56,No,DSL,56.23,3163.51,No
CUST00390,Male,0,10,No,Fiber optic,85.42,847.38,Yes
CUST00391,Male,0,48,Yes,Fiber optic,59.59,2411.42,No
CUST00392,Male,1,2,Yes,Fiber optic,79.87,168.46,No
CUST00393,Male,0,12,Yes,Fiber optic,83.07,971.11,No
CUST00394,Female,0,45,No,DSL,60.67,2778.83,No
CUST00395,Female,1,4,No,DSL,66.02,263.32,Yes
CUST00396,Male,0,49,No,Fiber optic,20.2,780.61,No
CUST00397,Male,0,6,No,DSL,71.21,438.2,Yes
CUST00398,Female,0,4,Yes,No,98.09,381.09,No
CUST00399,Female,0,3,Yes,DSL,81.44,261.71,Yes
CUST00400,Female,1,43,Yes,No,78.51,3161.68,No
CUST00401,Female,0,12,Yes,No,53.34,535.74,No
CUST00402,Female,0,9,Yes,DSL,88.73,758.84,No
CUST00403,Male,0,69,No,DSL,52.21,3640.18,No
CUST00404,Female,0,17,Yes,Fiber optic,29.35,368.45,No
CUST00405,Male,0,17,No,DSL,80.0,1513.38,No
CUST00406,Male,0,12,No,Fiber optic,43.2,619.26,Yes
CUST00407,Male,0,3,Yes,Fiber optic,92.74,306.13,No
CUST00408,Female,0,19,No,No,32.69,689.88,No
CUST00409,Male,0,12,No,Fiber optic,75.97,866.1,No
CUST00410,Female,0,8,No,DSL,91.05,791.28,Yes
CUST00411,Male,0,31,No,DSL,85.37,2418.18,No
CUST00412,Female,0,41,No,No,21.07,1190.91,No
CUST00413,Female,0,28,Yes,Fiber optic,52.84,1426.64,No
CUST00414,Female,0,50,Yes,No,69.93,3104.87,No
CUST00415,Female,1,23,Yes,No,38.75,,No
CUST00416,Male,0,40,Yes,DSL,94.31,3985.94,No
CUST00417,Female,0,22,Yes,No,38.89,710.38,No
CUST00418,Male,0,3,No,Fiber optic,77.84,218.83,Yes
CUST00419,Female,0,48,No,DSL,96.62,4600.82,No
CUST00420,Male,0,42,Yes,DSL,92.48,3534.0,No
CUST00421,Female,0,44,Yes,Fiber optic,86.56,,No
CUST00422,Male,0,4,No,DSL,77.91,294.29,Yes
CUST00423,Male,0,9,Yes,No,81.22,786.75,Yes
CUST00424,Female,0,45,No,DSL,44.92,2064.27,No
CUST00425,Female,0,42,No,DSL,63.09,2309.8,No
CUST00426,Male,0,4,Yes,Fiber optic,70.54,282.65,Yes
CUST00427,Male,0,2,No,Fiber optic,63.91,144.35,Yes
CUST00428,Male,0,54,Yes,DSL,96.47,5032.54,No
CUST00429,Male,0,5,No,Fiber optic,92.3,498.05,Yes
CUST00430,Male,1,69,No,Fiber optic,62.82,4165.22,No
CUST00431,Male,1,25,Yes,Fiber optic,23.12,746.36,No
CUST00432,Male,0,21,No,DSL,58.61,1020.85,No
CUST00433,Male,1,16,Yes,DSL,58.1,774.05,No
CUST00434,Male,0,66,No,Fiber optic,55.91,3764.58,No
CUST00435,Male,0,31,Yes,Fiber optic,27.11,1014.12,Yes
CUST00436,Female,0,53,No,Fiber optic,73.17,3957.32,Yes
CUST00437,Male,0,2,No,DSL,101.71,185.99,Yes
CUST00438,Male,0,5,Yes,DSL,81.78,384.71,No
CUST00439,Female,0,15,No,Fiber optic,92.8,1351.67,Yes
CUST00440,Male,0,1,Yes,DSL,83.54,88.16,Yes
CUST00441,Female,1,9,Yes,DSL,72.91,732.02,Yes
CUST00442,Male,0,49,No,Fiber optic,26.93,1596.09,No
CUST00443,Female,0,47,No,Fiber optic,47.75,2645.62,No
CUST00444,Female,0,8,Yes,Fiber optic,73.67,599.85,No
CUST00445,Female,0,67,No,No,43.01,3136.47,No
CUST00446,Male,1,40,Yes,Fiber optic,90.99,3657.9,No
CUST00447,Male,0,52,Yes,No,54.12,2814.58,No
CUST00448,Female,1,5,No,DSL,83.06,422.63,No
CUST00449,Male,1,6,No,No,108.32,633.67,Yes
CUST00450,Male,0,12,No,No,91.37,1017.09,No
CUST00451,Male,0,69,No,Fiber optic,84.16,6400.39,No
CUST00452,Female,0,41,Yes,DSL,24.43,693.9,No
CUST00453,Male,1,1,No,No,77.93,78.03,Yes
CUST00454,Male,0,27,Yes,DSL,96.33,2777.22,No
CUST00455,Male,0,37,No,DSL,55.41,2114.55,No
CUST00456,Male,0,55,No,No,37.79,2233.53,No
CUST00457,Male,1,9,No,No,104.07,880.45,No
CUST00458,Male,0,22,Yes,DSL,27.01,664.6,No
CUST00459,Male,0,71,No,DSL,27.95,2693.14,No
CUST00460,Male,0,10,Yes,DSL,94.63,987.52,Yes
CUST00461,Female,1,32,Yes,Fiber optic,42.83,1655.8,Yes
CUST00462,Female,0,72,Yes,DSL,87.24,5754.73,No
CUST00463,Male,0,63,Yes,DSL,66.33,4409.88,No
CUST00464,Female,0,11,Yes,DSL,78.22,905.23,No
CUST00465,Male,0,12,No,Fiber optic,40.49,411.81,No
CUST00466,Male,0,50,Yes,DSL,98.04,4433.73,No
CUST00467,Male,1,65,No,Fiber optic,88.6,6309.62,Yes
CUST00468,Female,0,3,No,No,92.4,290.45,Yes
CUST00469,Male,0,52,No,DSL,95.85,5212.54,No
CUST00470,Male,1,1,No,DSL,105.24,95.78,No
CUST00471,Male,0,3,Yes,No,74.9,248.18,Yes
CUST00472,Female,0,32,No,Fiber optic,42.63,,No
CUST00473,Female,0,46,Yes,DSL,83.68,3817.5,No
CUST00474,Female,0,21,No,DSL,77.51,1804.8,No
CUST00475,Female,0,7,Yes,Fiber optic,86.54,640.84,No
CUST00476,Female,0,3,Yes,DSL,102.69,284.62,Yes
CUST00477,Female,0,46,Yes,DSL,54.65,,No
CUST00478,Female,0,71,Yes,Fiber optic,37.73,2194.75,Yes
CUST00479,Male,0,41,No,Fiber optic,79.42,3576.94,Yes
CUST00480,Male,0,38,No,No,76.21,3009.43,No
CUST00481,Male,0,5,No,Fiber optic,77.34,375.99,No
CUST00482,Female,1,1,No,Fiber optic,85.38,81.41,No
CUST00483,Female,1,61,No,No,96.7,6317.83,Yes
CUST00484,Female,0,31,Yes,Fiber optic,46.71,1315.32,No
CUST00485,Male,0,12,No,Fiber optic,76.75,862.8,Yes
CUST00486,Male,0,35,Yes,DSL,49.42,1429.29,No
CUST00487,Male,1,0,No,Fiber optic,65.21,,No
CUST00488,Female,0,30,Yes,DSL,71.26,2124.33,No
CUST00489,Female,1,0,No,Fiber optic,75.82,,Yes
CUST00490,Male,1,71,No,Fiber optic,47.54,3948.66,Yes
CUST00491,Female,0,44,No,DSL,23.51,1446.97,No
CUST00492,Male,0,5,Yes,Fiber optic,99.09,503.64,Yes
CUST00493,Female,1,66,No,DSL,45.1,2503.79,No
CUST00494,Male,0,5,Yes,Fiber optic,89.42,401.64,Yes
CUST00495,Female,0,22,Yes,DSL,61.78,1206.82,No
CUST00496,Female,0,1,No,DSL,97.62,107.14,Yes
CUST00497,Female,0,10,Yes,DSL,71.91,773.02,No
CUST00498,Male,0,63,Yes,DSL,55.57,3360.3,No
CUST00499,Male,0,7,Yes,DSL,73.1,462.03,Yes
CUST00500,Male,0,32,No,Fiber optic,56.37,1788.53,No
CUST00501,Female,0,10,Yes,DSL,93.01,1023.59,Yes
CUST00502,Male,1,40,Yes,Fiber optic,28.53,877.84,Yes
CUST00503,Female,0,4,No,DSL,87.18,333.92,Yes
CUST00504,Female,0,6,Yes,No,91.79,,No
CUST00505,Male,0,0,Yes,Fiber optic,105.57,,Yes
CUST00506,Female,0,19,Yes,No,96.46,1661.08,No
CUST00507,Male,0,38,Yes,DSL,63.5,2537.22,No
CUST00508,Female,0,29,Yes,Fiber optic,81.37,2281.9,No
CUST00509,Male,0,33,Yes,DSL,57.31,1597.61,No
CUST00510,Female,0,0,Yes,DSL,91.99,,Yes
CUST00511,Male,0,14,Yes,Fiber optic,66.72,887.24,Yes
CUST00512,Female,0,64,No,DSL,88.23,5492.57,No
CUST00513,Male,0,2,Yes,DSL,83.35,150.78,No
CUST00514,Female,0,2,Yes,DSL,106.42,217.45,Yes
CUST00515,Male,0,10,Yes,Fiber optic,99.93,1034.73,Yes
CUST00516,Female,0,10,No,Fiber optic,62.36,690.95,No
CUST00517,Male,0,33,Yes,DSL,98.9,3027.2,No
CUST00518,Female,0,65,Yes,DSL,92.94,6406.73,No
CUST00519,Male,0,27,Yes,No,35.99,961.04,No
CUST00520,Male,0,2,Yes,No,60.17,116.51,No
CUST00521,Male,0,10,No,Fiber optic,75.97,662.84,Yes
CUST00522,Female,0,10,No,DSL,67.51,767.08,No
CUST00523,Female,0,26,No,DSL,87.78,2095.21,No
CUST00524,Female,0,18,Yes,DSL,90.61,1492.55,No
CUST00525,Male,0,11,No,Fiber optic,99.46,1052.8,No
CUST00526,Male,0,26,No,Fiber optic,94.07,2524.0,No
CUST00527,Male,0,23,No,DSL,52.22,1003.61,No
CUST00528,Female,0,65,Yes,Fiber optic,87.34,5260.19,No
CUST00529,Male,0,54,No,DSL,57.43,3293.13,No
CUST00530,Female,0,13,Yes,DSL,24.17,336.59,No
CUST00531,Male,0,66,Yes,DSL,35.62,2578.02,No
CUST00532,Female,0,19,No,DSL,40.46,,No
CUST00533,Female,1,4,No,Fiber optic,105.16,445.99,Yes
CUST00534,Female,0,16,No,DSL,78.95,1381.06,No
CUST00535,Female,1,27,No,Fiber optic,64.5,1761.33,Yes
CUST00536,Female,0,30,No,DSL,64.22,2089.15,No
CUST00537,Female,1,12,No,DSL,21.62,241.61,No
CUST00538,Female,0,2,No,Fiber optic,96.82,189.33,No
CUST00539,Male,0,68,No,Fiber optic,94.85,6342.57,No
CUST00540,Female,0,13,Yes,DSL,80.33,1170.49,No
CUST00541,Male,0,0,Yes,No,101.94,,Yes
CUST00542,Male,0,2,Yes,No,107.25,213.57,Yes
CUST00543,Male,0,45,Yes,DSL,95.14,4478.51,No
CUST00544,Female,0,6,No,DSL,69.56,391.44,No
CUST00545,Male,0,50,Yes,Fiber optic,77.42,4347.04,Yes
CUST00546,Male,0,21,Yes,Fiber optic,42.05,1001.27,Yes
CUST00547,Female,0,66,No,No,24.45,1592.74,No
CUST00548,Male,0,12,No,DSL,53.85,596.22,No
CUST00549,Female,1,12,Yes,DSL,76.17,958.63,No
CUST00550,Female,0,57,No,Fiber optic,36.76,2322.16,No
CUST00551,Female,1,65,No,Fiber optic,39.88,2077.64,No
CUST00552,Female,0,4,Yes,Fiber optic,107.08,464.35,No
CUST00553,Male,0,64,Yes,DSL,80.62,4604.31,No
CUST00554,Male,0,21,No,DSL,87.46,1967.88,No
CUST00555,Male,0,4,No,Fiber optic,65.73,294.66,Yes
CUST00556,Male,0,3,Yes,Fiber optic,108.23,351.31,No
CUST00557,Male,0,4,No,No,91.85,359.06,Yes
CUST00558,Male,1,36,No,Fiber optic,48.64,1485.33,No
CUST00559,Male,0,31,Yes,DSL,22.66,575.05,No
CUST00560,Female,0,1,Yes,DSL,62.3,58.16,No
CUST00561,Male,0,17,No,DSL,52.35,758.76,No
CUST00562,Female,0,55,No,DSL,47.66,2715.6,No
CUST00563,Male,0,42,No,Fiber optic,37.75,1939.42,No
CUST00564,Male,0,23,Yes,DSL,31.9,635.78,No
CUST00565,Male,0,6,No,DSL,73.53,479.37,Yes
CUST00566,Male,0,13,Yes,Fiber optic,31.99,377.98,Yes
CUST00567,Male,1,6,No,Fiber optic,105.79,687.38,No
CUST00568,Male,0,55,Yes,Fiber optic,88.09,4582.76,No
CUST00569,Female,0,9,No,Fiber optic,92.53,839.6,Yes
CUST00570,Male,1,72,No,Fiber optic,32.87,1671.87,No
CUST00571,Female,0,7,No,Fiber optic,97.58,,No
CUST00572,Female,0,11,Yes,No,63.71,772.97,No
CUST00573,Male,0,44,Yes,Fiber optic,73.58,3508.62,No
CUST00574,Male,0,16,No,Fiber optic,79.4,1253.89,No
CUST00575,Male,1,14,Yes,No,57.18,886.8,No
CUST00576,Female,0,22,No,DSL,58.42,1137.48,No
CUST00577,Male,0,69,No,DSL,55.98,4522.09,No
CUST00578,Male,0,71,No,No,60.97,4321.12,No
CUST00579,Male,0,22,Yes,No,54.2,1353.74,No
CUST00580,Female,0,18,No,Fiber optic,52.39,1104.0,No
CUST00581,Male,0,70,Yes,Fiber optic,60.24,4491.32,No
CUST00582,Male,1,55,Yes,Fiber optic,87.82,5025.71,No
CUST00583,Male,0,2,No,Fiber optic,71.34,146.4,Yes
CUST00584,Female,0,52,Yes,Fiber optic,40.91,2164.8,No
CUST00585,Female,0,6,Yes,Fiber optic,87.52,491.64,Yes
CUST00586,Female,0,7,Yes,No,90.97,691.14,Yes
CUST00587,Female,1,2,No,DSL,66.69,138.19,No
CUST00588,Female,0,21,Yes,DSL,99.21,2132.66,No
CUST00589,Female,0,59,No,DSL,79.89,4924.18,No
CUST00590,Male,0,20,Yes,Fiber optic,56.22,1150.44,No
CUST00591,Female,0,10,No,Fiber optic,96.04,,Yes
CUST00592,Male,0,9,Yes,No,107.08,883.93,No
CUST00593,Male,1,35,No,DSL,57.07,2294.48,No
CUST00594,Female,0,41,Yes,DSL,23.97,744.56,No
CUST00595,Female,0,10,No,Fiber optic,60.95,609.61,Yes
CUST00596,Female,0,12,Yes,DSL,49.52,658.44,No
CUST00597,Female,0,4,Yes,No,77.01,347.45,No
CUST00598,Male,0,7,Yes,No,108.58,786.55,Yes
CUST00599,Male,0,6,Yes,DSL,105.79,660.85,No
CUST00600,Female,0,11,Yes,No,78.86,788.95,Yes
CUST00601,Male,0,12,No,DSL,23.19,268.3,No
CUST00602,Male,1,1,No,Fiber optic,83.29,74.92,Yes
CUST00603,Male,1,48,Yes,Fiber optic,99.05,4881.4,No
CUST00604,Female,0,38,Yes,Fiber optic,26.26,990.04,No
CUST00605,Male,0,10,No,DSL,72.47,812.94,Yes
CUST00606,Female,1,1,Yes,DSL,86.97,91.05,No
CUST00607,Female,0,7,Yes,Fiber optic,99.8,737.18,Yes
CUST00608,Male,0,11,No,DSL,101.28,1136.84,Yes
CUST00609,Male,0,36,No,Fiber optic,59.68,2112.66,No
CUST00610,Female,0,68,No,DSL,31.18,2317.94,No
CUST00611,Male,0,39,No,DSL,34.55,958.63,No
CUST00612,Female,0,52,No,DSL,89.67,4592.48,No
CUST00613,Male,0,11,No,Fiber optic,101.45,1128.08,Yes
CUST00614,Male,0,11,No,DSL,101.52,1157.72,Yes
CUST00615,Female,0,12,No,DSL,60.83,,No
CUST00616,Female,0,31,No,DSL,40.07,1155.51,No
CUST00617,Female,1,42,Yes,Fiber optic,75.42,3581.16,Yes
CUST00618,Female,0,23,No,No,64.84,1689.16,No
CUST00619,Male,0,64,Yes,DSL,45.21,3217.69,No
CUST00620,Male,0,6,No,Fiber optic,71.43,420.08,No
CUST00621,Male,0,8,Yes,DSL,96.3,709.76,Yes
CUST00622,Female,0,12,Yes,DSL,45.72,590.84,No
CUST00623,Male,0,23,Yes,Fiber optic,29.98,490.08,Yes
CUST00624,Female,1,2,No,Fiber optic,91.12,168.46,No
CUST00625,Male,0,63,No,Fiber optic,32.29,2466.28,No
CUST00626,Male,0,6,Yes,DSL,66.43,342.31,No
CUST00627,Male,0,11,No,DSL,66.15,722.19,No
CUST00628,Male,0,10,No,DSL,64.87,593.77,No
CUST00629,Female,0,52,Yes,DSL,67.04,3266.54,No
CUST00630,Male,0,16,Yes,DSL,52.77,759.67,No
CUST00631,Female,0,4,No,DSL,72.54,322.86,Yes
CUST00632,Female,0,29,No,Fiber optic,44.1,1062.09,No
CUST00633,Male,1,10,Yes,Fiber optic,82.04,915.39,Yes
CUST00634,Male,0,44,Yes,No,64.83,2553.69,No
CUST00635,Female,0,40,No,Fiber optic,80.74,3074.12,No
CUST00636,Female,0,19,Yes,Fiber optic,24.93,402.29,Yes
CUST00637,Male,1,7,Yes,DSL,74.26,559.12,Yes
CUST00638,Male,0,6,No,Fiber optic,79.79,521.39,No
CUST00639,Male,0,58,Yes,Fiber optic,51.02,2931.68,Yes
CUST00640,Male,0,11,Yes,Fiber optic,102.96,1197.15,Yes
CUST00641,Female,1,43,No,No,20.06,,No
CUST00642,Male,0,64,Yes,Fiber optic,72.57,4522.08,No
CUST00643,Male,0,2,Yes,Fiber optic,90.52,184.62,Yes
CUST00644,Female,0,0,No,No,76.93,,Yes
CUST00645,Female,0,49,No,DSL,66.88,3199.49,No
CUST00646,Female,0,17,No,No,63.27,1013.07,No
CUST00647,Male,0,36,Yes,Fiber optic,44.36,1261.16,No
CUST00648,Male,0,11,No,DSL,64.96,676.89,No
CUST00649,Male,0,3,No,No,62.51,175.04,No
CUST00650,Male,1,5,No,Fiber optic,84.64,374.03,No
CUST00651,Female,0,7,No,Fiber optic,61.07,,No
CUST00652,Male,0,64,No,No,29.59,1306.04,No
CUST00653,Female,0,47,Yes,Fiber optic,73.35,3105.76,No
CUST00654,Female,0,2,Yes,DSL,79.85,169.85,Yes
CUST00655,Female,1,26,Yes,DSL,20.43,454.53,Yes
CUST00656,Female,0,0,Yes,DSL,90.18,,No
CUST00657,Female,0,17,Yes,Fiber optic,63.03,1213.23,No
CUST00658,Female,0,9,Yes,Fiber optic,87.35,865.49,Yes
CUST00659,Female,1,18,No,Fiber optic,87.42,1736.19,Yes
CUST00660,Male,0,57,Yes,Fiber optic,48.66,,Yes
CUST00661,Female,0,8,Yes,No,77.23,557.22,No
CUST00662,Female,0,7,Yes,Fiber optic,77.19,592.15,Yes
CUST00663,Male,0,25,No,DSL,21.83,590.37,No
CUST00664,Male,0,72,Yes,DSL,65.27,4028.44,No
CUST00665,Male,0,6,Yes,DSL,78.56,435.28,No
CUST00666,Female,0,8,No,DSL,65.46,528.85,No
CUST00667,Female,0,7,Yes,DSL,99.65,734.97,Yes
CUST00668,Male,0,36,No,DSL,43.42,1331.82,No
CUST00669,Male,0,0,Yes,Fiber optic,72.9,,Yes
CUST00670,Female,0,4,Yes,Fiber optic,62.35,245.1,No
CUST00671,Female,0,56,Yes,No,38.56,1792.37,No
CUST00672,Female,0,9,Yes,Fiber optic,71.49,590.91,No
CUST00673,Male,1,50,Yes,No,39.79,1902.77,Yes
CUST00674,Female,0,34,No,Fiber optic,99.91,3376.21,No
CUST00675,Female,0,7,No,DSL,67.22,457.17,No
CUST00676,Male,0,5,Yes,DSL,67.88,348.95,No
CUST00677,Female,0,65,No,Fiber optic,83.8,5671.57,Yes
CUST00678,Male,0,28,No,DSL,72.74,2031.56,No
CUST00679,Male,0,41,Yes,DSL,99.59,4379.91,No
CUST00680,Female,0,4,Yes,Fiber optic,78.11,279.14,No
CUST00681,Female,0,29,No,DSL,84.85,2693.07,No
CUST00682,Male,0,69,No,No,83.45,5698.27,No
CUST00683,Female,0,26,Yes,Fiber optic,87.96,2057.57,No
CUST00684,Female,1,9,Yes,Fiber optic,103.86,850.55,No
CUST00685,Female,1,9,Yes,DSL,70.44,575.88,Yes
CUST00686,Female,0,10,Yes,No,107.71,989.8,Yes
CUST00687,Female,1,50,No,No,80.94,4276.44,No
CUST00688,Male,0,4,Yes,Fiber optic,93.88,405.19,No
CUST00689,Female,0,3,Yes,Fiber optic,96.47,284.2,No
CUST00690,Female,0,43,Yes,DSL,81.35,3918.18,No
CUST00691,Male,0,9,No,DSL,70.75,699.36,No
CUST00692,Female,0,7,Yes,DSL,72.12,462.01,Yes
CUST00693,Female,0,11,Yes,Fiber optic,108.69,1208.63,No
CUST00694,Male,1,27,No,DSL,58.72,1739.61,No
CUST00695,Male,0,38,Yes,DSL,40.59,1335.21,No
CUST00696,Male,0,29,No,Fiber optic,92.89,2718.23,No
CUST00697,Female,1,5,Yes,DSL,72.1,349.38,Yes
CUST00698,Male,1,7,Yes,DSL,85.07,627.97,Yes
CUST00699,Male,0,30,Yes,Fiber optic,62.48,2103.29,No
CUST00700,Female,0,12,No,Fiber optic,92.42,993.8,No
CUST00701,Male,0,61,No,Fiber optic,39.72,1936.15,No
CUST00702,Male,0,9,No,Fiber optic,78.64,638.34,No
CUST00703,Male,0,13,No,Fiber optic,93.49,1266.8,No
CUST00704,Female,1,44,Yes,Fiber optic,26.51,1258.23,Yes
CUST00705,Female,0,38,No,Fiber optic,75.09,2976.15,No
CUST00706,Male,0,57,No,Fiber optic,68.44,3946.74,No
CUST00707,Female,0,59,No,DSL,28.15,1078.32,No
CUST00708,Female,0,69,Yes,Fiber optic,47.73,3601.16,Yes
CUST00709,Male,0,43,No,Fiber optic,41.17,1833.25,No
CUST00710,Male,0,10,Yes,DSL,101.29,1034.37,Yes
CUST00711,Female,0,30,No,Fiber optic,42.3,1360.75,No
CUST00712,Female,1,9,No,DSL,91.5,853.53,No
CUST00713,Female,0,8,Yes,Fiber optic,84.47,717.05,Yes
CUST00714,Male,1,6,Yes,DSL,69.62,473.49,No
CUST00715,Male,0,7,Yes,Fiber optic,65.58,480.44,No
CUST00716,Male,0,67,No,No,76.96,5615.35,No
CUST00717,Male,1,15,No,Fiber optic,76.18,1033.19,No
CUST00718,Female,0,32,No,Fiber optic,95.24,2984.45,No
CUST00719,Male,0,12,No,Fiber optic,38.76,577.59,Yes
CUST00720,Female,0,52,No,DSL,67.89,3562.61,No
CUST00721,Female,0,18,Yes,No,25.49,390.72,No
CUST00722,Male,0,12,Yes,DSL,41.35,408.69,No
CUST00723,Male,0,18,No,No,40.52,641.54,No
CUST00724,Male,0,12,Yes,DSL,75.32,991.26,No
CUST00725,Female,1,0,No,No,65.24,,No
CUST00726,Female,0,9,Yes,DSL,81.5,708.0,No
CUST00727,Female,0,0,No,No,93.9,,No
CUST00728,Female,1,28,Yes,DSL,40.5,1102.7,Yes
CUST00729,Male,0,37,Yes,No,67.93,,No
CUST00730,Male,0,62,No,DSL,42.59,2837.73,No
CUST00731,Male,0,1,No,Fiber optic,94.94,100.61,Yes
CUST00732,Female,0,12,Yes,Fiber optic,26.93,233.43,No
CUST00733,Male,0,3,No,DSL,81.01,,Yes
CUST00734,Female,0,6,Yes,No,88.99,477.55,No
CUST00735,Female,0,0,No,DSL,109.23,,No
CUST00736,Female,1,62,Yes,No,89.94,5077.36,No
CUST00737,Male,1,4,No,Fiber optic,95.15,375.07,No
CUST00738,Female,1,5,No,Fiber optic,78.96,431.17,Yes
CUST00739,Female,0,11,Yes,Fiber optic,89.17,1042.45,Yes
CUST00740,Female,0,36,Yes,Fiber optic,40.9,1417.26,No
CUST00741,Male,0,11,No,Fiber optic,78.68,783.44,Yes
CUST00742,Female,0,40,No,DSL,77.83,3151.05,No
CUST00743,Female,0,69,Yes,No,92.05,6050.35,No
CUST00744,Male,0,40,Yes,Fiber optic,71.78,2627.29,No
CUST00745,Female,0,60,No,DSL,77.45,4797.77,No
CUST00746,Male,0,23,Yes,No,59.0,1387.53,No
CUST00747,Male,0,45,No,No,53.7,2394.29,No
CUST00748,Male,0,1,No,Fiber optic,69.28,74.78,No
CUST00749,Female,0,34,No,DSL,37.02,1005.65,No
CUST00750,Male,1,1,No,DSL,70.57,62.27,Yes
CUST00751,Male,0,23,Yes,DSL,55.57,1300.21,No
CUST00752,Female,0,56,No,DSL,48.55,2451.23,No
CUST00753,Female,0,1,No,DSL,72.1,69.4,No
CUST00754,Female,1,22,No,DSL,95.6,2288.05,Yes
CUST00755,Male,1,51,Yes,DSL,88.39,4922.07,No
CUST00756,Female,0,44,No,DSL,30.45,1621.33,No
CUST00757,Male,0,72,Yes,Fiber optic,70.79,5237.64,No
CUST00758,Female,0,47,Yes,Fiber optic,85.87,4077.02,No
CUST00759,Male,0,29,No,Fiber optic,80.65,2533.63,Yes
CUST00760,Male,0,3,Yes,No,97.99,270.27,Yes
CUST00761,Female,0,8,Yes,Fiber optic,81.4,656.91,Yes
CUST00762,Female,1,0,Yes,Fiber optic,60.23,,Yes
CUST00763,Male,0,15,No,Fiber optic,53.39,803.11,Yes
CUST00764,Female,1,59,Yes,No,67.52,3502.13,No
CUST00765,Female,0,45,No,No,49.54,2385.31,No
CUST00766,Female,0,12,Yes,DSL,98.72,1171.38,No
CUST00767,Female,0,4,Yes,No,77.11,339.78,Yes
CUST00768,Male,1,32,No,DSL,38.35,933.91,No
CUST00769,Male,0,7,No,DSL,109.72,749.47,No
CUST00770,Male,0,68,Yes,DSL,21.63,1425.14,No
CUST00771,Male,0,4,Yes,DSL,94.34,362.13,Yes
CUST00772,Male,0,47,No,No,45.3,2515.21,No
CUST00773,Female,0,12,No,DSL,82.62,996.27,No
CUST00774,Female,1,3,Yes,No,78.53,221.47,Yes
CUST00775,Male,0,9,Yes,No,66.57,533.26,No
CUST00776,Female,0,5,No,No,105.91,507.17,No
CUST00777,Female,1,10,Yes,DSL,86.59,774.51,Yes
CUST00778,Male,1,14,Yes,Fiber optic,71.32,,No
CUST00779,Male,0,1,No,Fiber optic,108.96,107.16,Yes
CUST00780,Female,0,52,No,No,76.03,4350.17,No
CUST00781,Male,0,30,Yes,Fiber optic,68.75,2343.14,No
CUST00782,Female,0,7,No,Fiber optic,93.32,632.15,No
CUST00783,Female,0,4,No,Fiber optic,103.97,419.51,No
CUST00784,Male,0,18,No,Fiber optic,23.92,295.26,Yes
CUST00785,Female,0,58,Yes,Fiber optic,44.32,3036.84,No
CUST00786,Male,0,67,Yes,No,47.7,3766.5,No
CUST00787,Female,0,3,No,Fiber optic,65.44,197.94,Yes
CUST00788,Male,1,56,No,Fiber optic,41.16,2459.08,Yes
CUST00789,Female,0,18,No,DSL,87.84,1604.6,No
CUST00790,Male,0,46,Yes,DSL,56.31,,No
CUST00791,Female,0,10,No,Fiber optic,109.29,1161.04,Yes
CUST00792,Male,0,3,No,Fiber optic,72.84,231.84,No
CUST00793,Male,0,64,Yes,Fiber optic,28.93,1420.33,No
CUST00794,Male,0,25,Yes,Fiber optic,66.31,1440.55,No
CUST00795,Female,1,28,Yes,No,49.47,1331.28,No
CUST00796,Female,0,6,No,Fiber optic,82.89,552.72,Yes
CUST00797,Male,0,39,No,Fiber optic,73.18,,No
CUST00798,Female,0,48,Yes,Fiber optic,99.39,4559.87,No
CUST00799,Female,0,58,Yes,No,28.52,1177.65,No
CUST00800,Male,0,11,No,Fiber optic,107.32,1260.02,No
CUST00801,Male,0,2,No,DSL,97.68,202.43,No
CUST00802,Male,1,14,No,DSL,23.45,199.26,No
CUST00803,Female,0,44,Yes,Fiber optic,29.76,1525.21,No
CUST00804,Female,1,1,No,No,81.21,83.36,Yes
CUST00805,Female,0,10,Yes,Fiber optic,101.45,970.65,No
CUST00806,Female,1,37,Yes,Fiber optic,78.46,3102.0,Yes
CUST00807,Male,0,35,Yes,Fiber optic,95.14,3326.1,Yes
CUST00808,Female,0,10,Yes,No,108.68,1033.16,Yes
CUST00809,Male,1,57,Yes,DSL,41.29,2620.64,No
CUST00810,Male,0,21,No,DSL,23.17,344.37,No
CUST00811,Female,0,23,No,DSL,36.83,748.06,No
CUST00812,Male,0,60,Yes,DSL,54.04,3830.78,No
CUST00813,Male,0,6,Yes,No,87.7,466.6,No
CUST00814,Female,0,59,No,DSL,61.73,4218.08,No
CUST00815,Female,0,61,Yes,No,54.05,3316.38,No
CUST00816,Female,0,54,No,Fiber optic,63.44,2951.1,No
CUST00817,Male,0,20,No,Fiber optic,87.11,1652.2,No
CUST00818,Female,0,50,Yes,DSL,45.65,2191.61,No
CUST00819,Male,0,71,No,Fiber optic,43.81,3138.22,No
CUST00820,Male,0,22,No,No,88.11,1900.16,No
CUST00821,Female,1,48,No,DSL,45.79,2477.15,Yes
CUST00822,Male,0,40,Yes,Fiber optic,96.43,4026.6,No
CUST00823,Female,0,49,Yes,No,77.73,4118.19,No
CUST00824,Male,0,9,Yes,DSL,102.4,960.94,Yes
CUST00825,Female,0,37,Yes,DSL,63.41,2442.57,No
CUST00826,Female,0,69,No,DSL,32.73,2080.93,No
CUST00827,Female,0,49,No,No,55.17,2659.1,No
CUST00828,Female,0,65,Yes,DSL,77.09,4841.97,No
CUST00829,Female,0,0,No,Fiber optic,87.62,,No
CUST00830,Female,1,34,No,Fiber optic,57.17,1829.08,Yes
CUST00831,Male,0,12,No,Fiber optic,92.12,1048.44,No
CUST00832,Male,0,52,Yes,No,25.88,1190.11,No
CUST00833,Male,0,58,No,DSL,70.18,3970.39,No
CUST00834,Male,0,9,No,Fiber optic,69.05,651.64,No
CUST00835,Male,0,11,No,No,68.67,806.19,No
CUST00836,Male,0,6,Yes,Fiber optic,80.82,480.51,Yes
CUST00837,Male,0,22,No,DSL,22.56,,No
CUST00838,Female,0,8,No,No,69.53,623.96,No
CUST00839,Male,0,8,Yes,Fiber optic,97.7,797.24,Yes
CUST00840,Female,0,11,No,No,96.21,1104.94,Yes
CUST00841,Female,1,1,Yes,No,89.13,94.5,Yes
CUST00842,Female,1,2,No,DSL,90.61,163.78,No
CUST00843,Female,0,7,Yes,DSL,75.13,530.59,Yes
CUST00844,Male,0,12,Yes,No,40.51,573.96,No
CUST00845,Female,0,72,No,Fiber optic,59.21,3725.88,Yes
CUST00846,Female,0,70,Yes,DSL,80.95,5572.21,No
CUST00847,Female,1,5,No,No,77.14,407.07,Yes
CUST00848,Female,0,10,No,Fiber optic,69.47,727.52,No
CUST00849,Male,1,7,No,DSL,106.57,690.03,Yes
CUST00850,Female,0,2,No,DSL,104.94,199.67,No
CUST00851,Male,0,12,No,Fiber optic,78.89,1052.79,No
CUST00852,Female,0,5,No,DSL,77.03,366.86,Yes
CUST00853,Male,0,59,No,DSL,22.2,1697.25,No
CUST00854,Male,0,24,Yes,Fiber optic,23.42,405.32,No
CUST00855,Female,0,0,No,No,106.38,,No
CUST00856,Male,0,34,No,Fiber optic,22.1,903.75,No
CUST00857,Male,0,40,Yes,No,43.56,1818.72,No
CUST00858,Male,0,9,No,DSL,74.77,625.42,Yes
CUST00859,Male,0,0,Yes,DSL,64.89,,No
CUST00860,Male,0,61,No,No,33.48,1561.4,No
CUST00861,Female,0,45,No,DSL,37.09,1804.33,No
CUST00862,Female,0,27,Yes,Fiber optic,90.18,,No
CUST00863,Female,0,28,No,Fiber optic,64.1,1555.49,Yes
CUST00864,Male,0,2,Yes,Fiber optic,75.29,133.35,No
CUST00865,Female,0,31,Yes,DSL,29.32,,No
CUST00866,Male,0,70,No,Fiber optic,68.95,4212.45,No
CUST00867,Female,0,20,Yes,DSL,72.54,1298.87,No
CUST00868,Male,0,7,No,DSL,108.64,734.45,Yes
CUST00869,Female,1,12,Yes,No,95.43,,No
CUST00870,Female,0,29,No,No,80.31,2298.81,No
CUST00871,Female,0,5,Yes,Fiber optic,70.62,337.96,Yes
CUST00872,Male,1,64,No,Fiber optic,55.95,3970.63,No
CUST00873,Female,0,6,No,No,93.83,620.91,Yes
CUST00874,Female,1,11,No,DSL,104.51,1154.88,Yes
CUST00875,Female,0,11,Yes,DSL,98.43,1121.31,Yes
CUST00876,Female,0,8,No,Fiber optic,108.57,842.35,Yes
CUST00877,Female,0,20,No,DSL,33.19,764.16,No
CUST00878,Male,0,43,Yes,DSL,85.31,3318.78,No
CUST00879,Male,0,31,Yes,No,70.71,,No
CUST00880,Female,1,49,Yes,Fiber optic,39.15,1752.88,No
CUST00881,Male,0,9,No,Fiber optic,100.1,983.34,No
CUST00882,Male,0,35,No,DSL,48.31,2027.07,No
CUST00883,Female,0,38,No,DSL,45.97,1961.55,No
CUST00884,Female,1,3,Yes,Fiber optic,76.35,203.67,Yes
CUST00885,Male,1,48,No,No,30.67,1361.27,Yes
CUST00886,Male,0,12,No,DSL,22.32,347.14,No
CUST00887,Female,0,2,No,DSL,75.97,132.97,Yes
CUST00888,Male,1,44,No,Fiber optic,37.78,2004.73,No
CUST00889,Female,0,40,Yes,Fiber optic,79.69,3361.4,No
CUST00890,Male,0,51,Yes,Fiber optic,86.54,4071.9,Yes
CUST00891,Female,0,31,Yes,DSL,25.96,815.61,No
CUST00892,Female,0,22,No,DSL,39.57,716.19,No
CUST00893,Female,0,47,No,No,43.77,2303.12,No
CUST00894,Male,0,51,No,Fiber optic,46.17,2640.51,No
CUST00895,Female,0,48,No,No,65.96,2991.88,No
CUST00896,Male,0,23,No,DSL,24.31,609.44,No
CUST00897,Female,0,62,Yes,Fiber optic,98.89,5795.14,No
CUST00898,Male,0,2,Yes,Fiber optic,96.9,205.8,Yes
CUST00899,Female,0,0,No,Fiber optic,65.52,,No
CUST00900,Male,0,0,No,Fiber optic,99.69,,No
CUST00901,Female,0,6,No,DSL,64.39,434.29,No
CUST00902,Male,0,1,Yes,Fiber optic,79.3,80.38,Yes
CUST00903,Female,1,46,Yes,No,90.53,4463.33,Yes
CUST00904,Male,0,7,No,DSL,87.87,592.67,Yes
CUST00905,Male,0,39,No,DSL,90.26,3813.02,No
CUST00906,Female,0,10,No,Fiber optic,98.62,996.89,Yes
CUST00907,Female,0,29,No,DSL,46.04,1552.76,No
CUST00908,Male,0,25,Yes,No,79.0,1915.67,No
CUST00909,Female,0,53,Yes,Fiber optic,40.01,1916.11,No
CUST00910,Female,1,15,Yes,No,60.51,836.05,Yes
CUST00911,Female,1,9,No,DSL,102.32,851.4,Yes
CUST00912,Male,0,38,No,DSL,66.18,2489.98,No
CUST00913,Female,0,48,No,Fiber optic,80.58,4113.16,No
CUST00914,Female,0,8,Yes,Fiber optic,73.23,605.24,No
CUST00915,Female,0,8,No,Fiber optic,101.48,792.45,No
CUST00916,Male,0,11,Yes,DSL,82.2,875.59,Yes
CUST00917,Male,0,8,Yes,No,76.15,654.54,Yes
CUST00918,Male,0,4,No,DSL,106.11,436.42,Yes
CUST00919,Female,0,42,Yes,Fiber optic,81.15,3311.53,No
CUST00920,Female,0,2,Yes,Fiber optic,103.77,212.44,Yes
CUST00921,Female,0,19,Yes,Fiber optic,68.44,1269.89,No
CUST00922,Female,0,48,No,No,90.22,4763.33,No
CUST00923,Male,0,62,No,DSL,99.53,5882.23,No
CUST00924,Male,1,0,No,No,63.47,,Yes
CUST00925,Male,0,31,No,DSL,79.59,2228.2,No
CUST00926,Female,1,7,Yes,Fiber optic,101.41,663.56,Yes
CUST00927,Male,0,3,Yes,Fiber optic,84.85,228.31,Yes
CUST00928,Male,0,16,No,DSL,97.36,1601.17,No
CUST00929,Male,0,65,Yes,Fiber optic,60.26,4213.49,No
CUST00930,Female,1,10,No,DSL,98.61,903.35,No
CUST00931,Male,1,28,Yes,DSL,99.38,,Yes
CUST00932,Female,0,39,No,Fiber optic,70.03,2471.5,No
CUST00933,Male,0,20,Yes,No,76.31,1384.36,No
CUST00934,Male,0,0,Yes,DSL,71.01,,No
CUST00935,Female,0,5,Yes,DSL,90.56,494.45,Yes
CUST00936,Male,0,44,No,Fiber optic,45.85,1968.63,Yes
CUST00937,Female,0,5,No,Fiber optic,89.59,442.33,No
CUST00938,Male,0,0,No,DSL,60.06,,No
CUST00939,Male,0,64,Yes,Fiber optic,35.13,1654.95,No
CUST00940,Female,1,52,No,DSL,37.72,1720.33,Yes
CUST00941,Male,0,25,Yes,DSL,20.49,691.7,No
CUST00942,Female,1,5,Yes,DSL,67.28,354.46,No
CUST00943,Female,1,25,Yes,Fiber optic,47.91,1261.8,No
CUST00944,Male,0,17,Yes,DSL,85.24,1378.78,No
CUST00945,Female,0,3,Yes,No,107.43,328.03,Yes
CUST00946,Male,0,65,Yes,DSL,87.04,5892.75,No
CUST00947,Female,0,2,No,No,67.17,117.9,No
CUST00948,Female,0,69,No,No,61.33,4847.03,No
CUST00949,Female,0,51,No,Fiber optic,25.59,1689.16,No
CUST00950,Female,0,7,No,DSL,82.54,640.4,Yes
CUST00951,Male,0,2,No,DSL,87.9,185.11,Yes
CUST00952,Female,0,12,Yes,DSL,60.15,641.99,No
CUST00953,Female,1,0,Yes,No,101.29,,No
CUST00954,Male,0,3,No,DSL,102.18,278.74,Yes
CUST00955,Male,0,53,No,No,66.37,3269.31,No
CUST00956,Female,0,23,No,Fiber optic,96.45,2374.22,No
CUST00957,Female,0,4,Yes,DSL,64.21,254.13,No
CUST00958,Female,0,12,No,Fiber optic,39.01,362.93,No
CUST00959,Male,0,13,Yes,DSL,62.87,917.71,No
CUST00960,Male,0,68,No,DSL,89.22,6178.14,No
CUST00961,Male,0,6,No,No,63.46,377.65,No
CUST00962,Female,0,7,Yes,No,92.23,710.0,Yes
CUST00963,Female,0,4,Yes,DSL,67.21,231.23,No
CUST00964,Female,1,26,No,DSL,95.49,2449.16,Yes
CUST00965,Female,0,42,No,DSL,34.93,1215.34,No
CUST00966,Female,0,71,No,DSL,39.12,3213.4,No
CUST00967,Female,0,26,Yes,No,80.24,1902.6,No
CUST00968,Male,0,59,Yes,Fiber optic,23.05,1490.29,Yes
CUST00969,Female,0,64,Yes,Fiber optic,47.55,2728.09,No
CUST00970,Female,0,7,Yes,DSL,66.32,509.49,No
CUST00971,Male,0,1,No,Fiber optic,72.3,81.31,No
CUST00972,Male,1,31,No,Fiber optic,90.69,2804.39,Yes
CUST00973,Male,0,48,No,DSL,97.54,4515.77,No
CUST00974,Female,0,3,No,Fiber optic,73.96,199.08,No
CUST00975,Female,0,53,Yes,No,25.2,1783.81,No
CUST00976,Male,1,12,Yes,Fiber optic,35.39,429.38,No
CUST00977,Male,0,20,Yes,DSL,37.32,917.33,No
CUST00978,Female,1,6,Yes,Fiber optic,94.85,622.69,No
CUST00979,Male,0,71,Yes,No,93.42,7268.22,No
CUST00980,Male,0,1,No,DSL,69.58,72.2,No
CUST00981,Male,0,61,Yes,Fiber optic,46.91,3051.89,No
CUST00982,Female,0,55,Yes,DSL,62.55,3002.4,No
CUST00983,Male,0,45,No,No,76.49,3440.55,No
CUST00984,Female,1,9,Yes,DSL,80.41,738.63,Yes
CUST00985,Female,0,3,No,Fiber optic,65.21,180.12,No
CUST00986,Female,0,29,No,No,79.73,2467.56,No
CUST00987,Male,0,50,Yes,DSL,64.9,3030.94,No
CUST00988,Male,0,69,No,DSL,32.88,2094.09,No
CUST00989,Female,0,5,No,No,76.71,356.14,Yes
CUST00990,Female,0,17,No,DSL,79.14,1320.55,No
CUST00991,Female,1,33,Yes,DSL,32.17,848.45,No
CUST00992,Female,0,28,No,DSL,45.33,1139.54,No
CUST00993,Male,0,72,Yes,DSL,71.23,4798.89,No
CUST00994,Female,0,11,No,DSL,81.4,792.01,Yes
CUST00995,Female,0,33,Yes,Fiber optic,93.1,,No
CUST00996,Female,0,3,No,Fiber optic,75.9,223.01,Yes
CUST00997,Male,0,53,Yes,DSL,91.97,4882.96,No
CUST00998,Male,0,55,Yes,DSL,33.65,2075.55,No
CUST00999,Female,0,8,No,DSL,75.13,584.64,Yes
CUST01000,Female,1,19,Yes,Fiber optic,23.06,310.52,No
